,Subh,Must,Dhak,Chai,Bach,Saad,Bharg,Gadi,Suds,Mey
0-7,0.0010724216021886,1.4526530969240663e-06,0.00043596407826496005,0.0003682634563066877,0.0001572623965877007,5.7307423082945724e-05,0.0019547770768812605,2.746137092332407e-05,0.0004805577625005923,0.0006382069106101368
1-6,0.013652103711233902,0.0003322096724917625,0.00854587805942749,0.0072712673283292,0.0029846770477393253,0.00658703976732206,0.025106773452113998,0.0018447461774883753,0.007152355037959269,0.008928720006086339
2-5,0.08459503686417985,0.016338056792229667,0.07120117043126432,0.06236144802102152,0.02814950545598299,0.13022197261097124,0.1398776608189158,0.03697450288490029,0.05289554859909807,0.06194879905124179
3-4,0.2476724507242995,0.18010707517766827,0.2493086171900376,0.22948778615823945,0.12938094700201466,0.4760480549658295,0.33034298228720776,0.22565413758782354,0.18940647462949084,0.207328915359973
4-3,0.34395270940106815,0.4665468220965078,0.3693970365207556,0.3647432231867227,0.2910729267546332,0.3394628053218932,0.332348317118192,0.428778633856508,0.3297015136524703,0.3360275976718073
5-2,0.2268688753542082,0.29175950478357293,0.23217119826931287,0.2510398966121282,0.3213839810911121,0.04647778720129547,0.14244581081841112,0.25620401506954615,0.27953886339375467,0.26419939825580496
6-1,0.07095643471712276,0.04343089558215163,0.061722698894330685,0.07466176153144366,0.1742155950991695,0.0011403474951816595,0.02588260832710554,0.047752719615606454,0.11537217652514464,0.10068147555496232
7-0,0.000750519627923163,1.0891895237841176e-05,0.00032627091876935577,0.0005306002508795871,0.006385672867060932,3.0746956092286837e-09,6.374374320572418e-05,4.628908182824354e-05,0.002342446817377386,0.0017112764872589947
